{
  "data" : {
    "lookups" : [
      "trait"
    ],
    "name" : "intent",
    "lang" : "en",
    "exotic" : false,
    "id" : "intent",
    "values" : [
      {
        "value" : "admission"
      },
      {
        "value" : "application"
      },
      {
        "value" : "curriculum"
      },
      {
        "value" : "education"
      },
      {
        "value" : "foundation"
      },
      {
        "value" : "gre"
      },
      {
        "value" : "recommendation"
      },
      {
        "value" : "toefl"
      },
      {
        "value" : "transcript"
      }
    ],
    "doc" : "User-defined entity",
    "builtin" : false
  }
}