{
  "data" : [
    {
      "text" : "Do I need recommendations?",
      "entities" : [
        {
          "entity" : "intent",
          "value" : "\"recommendation\""
        }
      ]
    },
    {
      "text" : "Do I need to have my transcripts translated or converted?",
      "entities" : [
        {
          "entity" : "intent",
          "value" : "\"transcript\""
        }
      ]
    },
    {
      "text" : "Do I need to take the GRE?",
      "entities" : [
        {
          "entity" : "intent",
          "value" : "\"gre\""
        }
      ]
    },
    {
      "text" : "Do applicants need to take the GRE?",
      "entities" : [
        {
          "entity" : "intent",
          "value" : "\"gre\""
        }
      ]
    },
    {
      "text" : "How many recommenders will I need?",
      "entities" : [
        {
          "entity" : "intent",
          "value" : "\"recommendation\""
        }
      ]
    },
    {
      "text" : "How many total hours are required?",
      "entities" : [
        {
          "entity" : "intent",
          "value" : "\"curriculum\""
        }
      ]
    },
    {
      "text" : "If my country’s primary language is English, do I still have to provide a TOEFL score?",
      "entities" : [
        {
          "entity" : "intent",
          "value" : "\"toefl\""
        }
      ]
    },
    {
      "text" : "Is the GRE required?",
      "entities" : [
        {
          "entity" : "intent",
          "value" : "\"gre\""
        }
      ]
    },
    {
      "text" : "What are the admission criteria for the OMS CS degree program?",
      "entities" : [
        {
          "entity" : "intent",
          "value" : "\"admission\""
        }
      ]
    },
    {
      "text" : "What are the foundational courses?",
      "entities" : [
        {
          "entity" : "intent",
          "value" : "\"foundation\""
        }
      ]
    },
    {
      "text" : "What are the minimum education requirements?",
      "entities" : [
        {
          "entity" : "intent",
          "value" : "\"education\""
        }
      ]
    },
    {
      "text" : "What is meant by official or unofficial transcripts?",
      "entities" : [
        {
          "entity" : "intent",
          "value" : "\"transcript\""
        }
      ]
    },
    {
      "text" : "What is the curriculum, and how does it compare to the curriculum for the residential degree?",
      "entities" : [
        {
          "entity" : "intent",
          "value" : "\"curriculum\""
        }
      ]
    },
    {
      "text" : "What is the minimum GRE score required for admission?",
      "entities" : [
        {
          "entity" : "intent",
          "value" : "\"gre\""
        }
      ]
    },
    {
      "text" : "What level of formal education is required?",
      "entities" : [
        {
          "entity" : "intent",
          "value" : "\"education\""
        }
      ]
    },
    {
      "text" : "Where do I apply?",
      "entities" : [
        {
          "entity" : "intent",
          "value" : "\"application\""
        }
      ]
    },
    {
      "text" : "when can I apply?",
      "entities" : [
        {
          "entity" : "intent",
          "value" : "\"application\""
        }
      ]
    }
  ]
}